Sequence number,Article title,References,Learning activities,Assessment of learning outcomes,Teaching materials,Assessment Tool
1,เตือนภัย Deepfake ปลอมเป็นผู้นำและผู้บริหาร หลอกโอนเงินผ่าน Zoom และสื่อสังเคราะห์,https://www.thaipbs.or.th/verify/article/content/14211,"กิจกรรม 'Spot the Fake: จับโป๊ะ AI Deepfake และสแกมเมอร์ไซเบอร์' (สำหรับนักเรียน ม.1-ม.3):
1. ขั้นนำ (Engage): ครูเปิดคลิปวิดีโอ/ภาพเปรียบเทียบระหว่างบุคคลจริงกับภาพ Deepfake ที่สร้างโดย AI แล้วให้นักเรียนร่วมกันตั้งคำถามว่า 'ภาพ/เสียงนี้เป็นของจริงหรือไม่? รู้ได้อย่างไร?'
2. ขั้นสำรวจและวิเคราะห์ (Explore & Analyze): นักเรียนแบ่งกลุ่มศึกษาบทความข่าวการใช้ AI Deepfake ปลอมแปลงหน้าและเสียงในเหตุการณ์หลอกโอนเงิน ร่วมกันวิเคราะห์องค์ประกอบ 3 ด้าน ได้แก่ (1) ข้อบกพร่องทางเทคนิคของ AI (เช่น กะพริบตาผิดธรรมชาติ เสียงไม่มีน้ำหนัก แสงเงาผิดปกติ) (2) เจตนาของผู้สร้าง (Intent) และ (3) ผลกระทบทางสังคมและจริยธรรม
3. ขั้นสร้างสรรค์และแก้ปัญหา (Create & Manage): นักเรียนออกแบบ 'คู่มือเช็กลิสต์การตรวจสอบ AI Deepfake' (AI Verification Checklist) และร่วมกันสร้างสถานการณ์จำลอง (Role-play) การตั้งคำถามเพื่อยืนยันตัวตน (Human Verification Protocol) เมื่อพบเจอการติดต่อผ่านวิดีโอคอลหรือสื่อสังเคราะห์
4. ขั้นสะท้อนคิด (Reflect): สรุปบทเรียนในมิติ PISA 2029 MAIL Literacy เกี่ยวกับความรับผิดชอบ การตั้งคำถามอย่างมีวิจารณญาณก่อนเชื่อหรือแชร์ข้อมูล (Critical Thinking & Human Agency)","- ประเมินสมรรถนะการวิเคราะห์สื่อสังเคราะห์ (Synthetic Media Analysis): ตรวจสอบความถูกต้องของคู่มือเช็กลิสต์การจับสังเกต AI Deepfake โดยใช้แบบประเมินรูบริก (Rubric) ด้านการคิดเชิงวิพากษ์ (Critical Thinking)
- ประเมินการปฏิบัติในสถานการณ์จำลอง (Role-play Assessment): ประเมินความสามารถในการใช้โปรโตคอลยืนยันตัวตนและการแก้ปัญหาเฉพาะหน้าเมื่อเผชิญภัยไซเบอร์จาก AI
- แบบวัดการรู้เท่าทันสื่อและปัญญาประดิษฐ์ (MAIL Literacy Quiz): แบบทดสอบปรนัยและอัตนัยประเมินความเข้าใจเกี่ยวกับเจตนา สิทธิความเป็นส่วนตัว (Privacy) และผลกระทบทางจริยธรรมของ AI ตามกรอบ PISA 2029","- บทความข่าวเตือนภัย Deepfake จาก Thai PBS Verify (https://www.thaipbs.or.th/verify/article/content/14211)
- ตัวอย่างสื่อสังเคราะห์ (Deepfake Video & Voice Clips) สำหรับฝึกจับโป๊ะ
- ใบงานวิเคราะห์องค์ประกอบข่าวสารและเจตนาของสื่อ AI (AI Media Analysis Worksheet)
- สไลด์นำเสนอความรู้เรื่องกรอบแนวคิด PISA 2029 MAIL Literacy
- แพลตฟอร์มดิจิทัล interactive (เช่น Kahoot / Padlet) สำหรับระดมความคิดและทำแบบทดสอบ",https://docs.google.com/document/d/1k_dNo7BSW6VDSSIL1BW9PSoVbPJ_WIaM1mz8bFvSJag/edit?usp=sharing
2,เมื่อข่าวปลอมดูจริงกว่าความจริง เท่าทันสงครามข้อมูลและอัลกอริทึมในยุค AI,https://www.thaipbs.or.th/verify/article/content/6225,"กิจกรรม 'Decoder of Algorithmic Echo Chamber & AI Slop: ถอดรหัสอัลกอริทึมและขยะดิจิทัล' (สำหรับนักเรียน ม.1-ม.3):
1. ขั้นนำ (Engage): ครูให้นักเรียนเปรียบเทียบหน้าฟีดโซเชียลมีเดียของตนเอง แล้วร่วมกันอภิปรายว่า 'ทำไมเนื้อหาที่ระบบแนะนำให้เราแต่ละคนจึงไม่เหมือนกัน? และเนื้อหาคุณภาพต่ำที่สร้างจาก AI (AI Slop) ถูกดันขึ้นมาได้อย่างไร?'
2. ขั้นสำรวจและวิเคราะห์ (Explore & Analyze): นักเรียนอ่านบทความข่าวเรื่องสงครามข้อมูลและอัลกอริทึม ร่วมกันวิเคราะห์ 3 ประเด็นหลัก: (1) การทำงานของอัลกอริทึมในการจัดลำดับเนื้อหา (Algorithmic Curation/Filter Bubbles) (2) ลักษณะของคอนเทนต์ขยะ AI (AI Slop) ที่เน้นยอดคลิก (Clickbait) แต่ขาดความถูกต้อง และ (3) ผลกระทบต่อความคิดเห็นและการตัดสินใจในสังคม
3. ขั้นสร้างสรรค์และแก้ปัญหา (Create & Manage): นักเรียนทดลองออกแบบ 'แผนผังผดุงจริยธรรมอัลกอริทึม' (Ethical Feed Design) และจัดทำอินโฟกราฟิกแนะนำวิธี 'ฝึกอัลกอริทึมให้ฉลาด' (Algorithmic Literacy & Curation) เช่น การตรวจสอบแหล่งข่าว การป้อนข้อมูลป้อนกลับเชิงบวกแก่เนื้อหาที่มีคุณภาพ และการรายงานเนื้อหาบิดเบือน
4. ขั้นสะท้อนคิด (Reflect): ร่วมกันอภิปรายถกแถลงในมิติ PISA 2029 MAIL Literacy (Shape AI & Engage with AI) ถึงบทบาทของเยาวชนในการลดมลพิษดิจิทัลและการใช้โซเชียลมีเดียอย่างตระหนักรู้","- ประเมินสมรรถนะการรู้เท่าทันอัลกอริทึม (Algorithmic Literacy Assessment): ประเมินความเข้าใจเรื่องโครงสร้างอัลกอริทึมและห้องสะท้อนเสียง (Echo Chambers) ผ่านใบงานวิเคราะห์กรณีศึกษา
- ประเมินผลงานการออกแบบ (Creative & Solution-Based Assessment): ประเมินชิ้นงานอินโฟกราฟิก 'การฝึกอัลกอริทึมและคัดกรอง AI Slop' ด้วยแบบประเมินรูบริก (Rubric) ด้านการสื่อสารและความเป็นพลเมืองดิจิทัล
- แบบวัดทักษะการตั้งคำถามเชิงวิพากษ์ (PISA 2029 MAIL Critical Questions Quiz): แบบทดสอบประเมินความสามารถในการจำแนกเจตนาของสื่อและการประเมินความน่าเชื่อถือของเนื้อหาที่แนะนำโดย AI","- บทความข่าวจาก Thai PBS Verify เรื่อง 'เมื่อข่าวปลอมดูจริงกว่าความจริง เท่าทันสงครามข้อมูลและอัลกอริทึมในยุค AI' (https://www.thaipbs.or.th/verify/article/content/6225)
- ตัวอย่างกรณีศึกษาภาพ/คลิป AI Slop และสื่อที่มีการจัดตั้งกระแส (Astroturfing) ในโซเชียลมีเดีย
- ใบงานผังความคิด 'Algorithmic Awareness & Information Disorder Worksheet'
- สไลด์นำเสนอความรู้เรื่องกรอบ PISA 2029 MAIL Literacy โดเมน Engage with AI และ Shape AI
- เครื่องมือประเมินออนไลน์ (Interactive Quiz / Padlet) สำหรับการนำเสนอชิ้นงานและการสะท้อนความคิดเห็น",https://docs.google.com/document/d/1r0Z46fwsBv_HWAihxDiDromiiAP7HvFrmBetSILULP4/edit?usp=sharing
3,สรุปชัด! ใช้ AI สร้างรูปตามกระแสโซเชียล เสี่ยงละเมิดลิขสิทธิ์หรือไม่? เช็กได้ที่นี่,https://www.thairath.co.th/lifestyle/tech/2932022,"กิจกรรม 'Generative AI Art & Intellectual Property: สร้างสรรค์อย่างฉลาด ไม่ละเมิดลิขสิทธิ์' (สำหรับนักเรียน ม.1-ม.3):
1. ขั้นนำ (Engage): ครูนำภาพผลงานศิลปะที่สร้างจาก Generative AI (เช่น ภาพสไตล์สตูดิโอจิบลิ ภาพสไตล์ศิลปินชื่อดัง) มาให้นักเรียนดู แล้วชวนคิดว่า 'ใครคือเจ้าของลิขสิทธิ์ภาพนี้? AI, ผู้ป้อนคำสั่ง (Prompter) หรือศิลปินต้นฉบับที่ AI ใช้เรียนรู้?'
2. ขั้นสำรวจและวิเคราะห์ (Explore & Analyze): นักเรียนแบ่งกลุ่มอ่านบทความข้อกฎหมายลิขสิทธิ์ไทยและการใช้ Generative AI สร้างภาพตามกระแส ร่วมกันวิเคราะห์ 3 ประเด็น: (1) สิทธิความเป็นเจ้าของผลงานจาก AI (Human Authorship) (2) การนำผลงานศิลปินไปเทรนโมเดล AI (Training Data Ethics) และ (3) ความเสี่ยงทางกฎหมายจริยธรรมเมื่อนำภาพ AI ไปใช้ในเชิงพาณิชย์หรืออ้างว่าเป็นผลงานตนเอง
3. ขั้นสร้างสรรค์และแก้ปัญหา (Create & Manage): นักเรียนทดลองเขียนคำสั่งสร้างภาพ (Prompt Design) โดยยึดหลัก 'การสร้างสรรค์ร่วมกับ AI อย่างมีจริยธรรม' (Ethical Human-AI Collaboration) พร้อมจัดทำ 'แนวปฏิบัติการอ้างอิงและให้เกียรติลิขสิทธิ์' (AI Attribution & Ethics Guideline)
4. ขั้นสะท้อนคิด (Reflect): ร่วมกันสะท้อนคิดในมิติ PISA 2029 MAIL Literacy (Create with AI & Shape AI) เกี่ยวกับบทบาทของมนุษย์ในฐานะผู้ควบคุมการสร้างสรรค์ (Human Agency) และการเคารพสิทธิทรัพย์สินทางปัญญาในยุคดิจิทัล","- ประเมินสมรรถนะการวิเคราะห์จริยธรรมและลิขสิทธิ์ AI (AI Copyright & Ethics Rubric): ประเมินความเข้าใจเรื่องสิทธิทรัพย์สินทางปัญญาและการใช้งานที่ชอบธรรม (Fair Use) ผ่านแบบบันทึกการวิเคราะห์กรณีศึกษา
- ประเมินการสร้างสรรค์และการอ้างอิง (Creative & Responsible AI Task): ประเมินการออกแบบชิ้นงานสื่อสร้างสรรค์ร่วมกับ AI พร้อมการแสดงข้อความอ้างอิงสิทธิ (Attribution Statement) และคำอธิบายเจตนาการสร้างสรรค์
- แบบวัดความตระหนักรู้กฎหมายดิจิทัล (Digital Rights & Generative AI Literacy Quiz): แบบทดสอบปรนัยและสถานการณ์จำลองประเมินการตัดสินใจเชิงจริยธรรมเมื่อใช้เครื่องมือ Generative AI ในชีวิตประจำวันและการเรียน","- บทความข่าวเรื่อง 'สรุปชัด! ใช้ AI สร้างรูปตามกระแสโซเชียล เสี่ยงละเมิดลิขสิทธิ์หรือไม่?' จาก ไทยรัฐออนไลน์ (https://www.thairath.co.th/lifestyle/tech/2932022)
- ตัวอย่างเปรียบเทียบภาพผลงานศิลปินจริงและภาพผลงานสร้างจาก Generative AI Prompt
- ใบงานวิเคราะห์กรณีศึกษา 'AI Art vs. Copyright & Ethics Case Study'
- สไลด์นำเสนอความรู้เรื่องกรอบ PISA 2029 MAIL Literacy โดเมน Create with AI (Human Agency & Intellectual Property)
- แพลตฟอร์มสร้างสรรค์ภาพ AI แบบเปิดกว้าง (เช่น Canva / Microsoft Designer) สำหรับการทดลองเขียนคำสั่งอย่างมีจริยธรรม",https://docs.google.com/document/d/1kbndkQvdx24ELjjojeU8NYFGzkIMeofivRj5YzE_Xzw/edit?usp=sharing
4,PDPC จับมือ UNICEF วางมาตรการป้องกันข้อมูลเด็กหลุด รับมือภัยไซเบอร์และ AI,https://www.thaipbs.or.th/verify/news/content/12322,"กิจกรรม ""AI Data Privacy & Children's Rights Guard: คุ้มครองข้อมูลเด็ก เท่าทันภัยไซเบอร์และ AI"" (สำหรับนักเรียน ม.1-ม.3):
1. ขั้นนำ (Engage): ครูเปิดประเด็น ""ป้อนคำถามหรือการบ้านให้ AI ช่วยทำ เสี่ยงทำข้อมูลส่วนตัวหลุดหรือไม่?"" และชวนนักเรียนอภิปรายประสบการณ์การใช้งานแอปพลิเคชัน AI แชทบอทและโซเชียลมีเดีย
2. ขั้นสำรวจและวิเคราะห์ (Explore & Analyze): นักเรียนแบ่งกลุ่มศึกษาบทความข่าว ""PDPC จับมือ UNICEF วางมาตรการป้องกันข้อมูลเด็กหลุด รับมือภัยไซเบอร์และ AI"" วิเคราะห์ประเภทข้อมูลส่วนบุคคล (PII) ที่ห้ามป้อนให้ AI (เช่น เลขบัตรประชาชน ภาพถ่าย/ชีวมิติ พฤติกรรมส่วนตัว ที่อยู่ และข้อมูลสุขภาพ) พร้อมจำแนกความเสี่ยงจากการถูก AI นำข้อมูลไปใช้ฝึกโมเดล (AI Data Training) หรือถูกแฮก
3. ขั้นสร้างสรรค์และแก้ปัญหา (Create & Manage): นักเรียนออกแบบ ""ผังความคุ้มครองข้อมูลเด็กยุค AI"" (Youth AI Privacy Guardian Checklist) และร่วมกันจำลองสถานการณ์การปรับปรุงเงื่อนไขความเป็นส่วนตัว (Privacy Settings) ก่อนใช้งานเครื่องมือ AI
4. ขั้นสะท้อนคิด (Reflect): สรุปบทเรียนในมิติ PISA 2029 MAIL Literacy (Engage with AI & Shape AI) เกี่ยวกับสิทธิดิจิทัลของเด็ก (Children's Digital Rights) และการสร้างภูมิคุ้มกันในการใช้งาน AI อย่างปลอดภัยและรับผิดชอบ","- ประเมินสมรรถนะการตระหนักรู้ด้านความเป็นส่วนตัวและการคุ้มครองข้อมูลส่วนบุคคล (AI Data Privacy Literacy): ตรวจสอบความถูกต้องของการจำแนกประเภทข้อมูล PII และข้อบกพร่องในเงื่อนไขการใช้งาน AI ผ่านแบบประเมินรูบริก (Rubric)
- ประเมินผลงานชิ้นงานคู่มือ/เช็กลิสต์ความปลอดภัย (Youth AI Privacy Checklist Assessment): ประเมินการสร้างสรรค์คู่มือและแนวปฏิบัติการใช้งาน AI อย่างปลอดภัยด้วยแบบประเมินการสื่อสารและพลเมืองดิจิทัล
- แบบวัดความรู้และวิจารณญาณดิจิทัล (PISA 2029 MAIL Data Privacy Quiz): แบบทดสอบประเมินสถานการณ์จำลองเกี่ยวกับการตัดสินใจเปิดเผยหรือปกป้องข้อมูลส่วนบุคคลเมื่อโต้ตอบกับ AI แชทบอท","- บทความข่าวจาก Thai PBS Verify เรื่อง ""PDPC จับมือ UNICEF วางมาตรการป้องกันข้อมูลเด็กหลุด รับมือภัยไซเบอร์และ AI"" (https://www.thaipbs.or.th/verify/news/content/12322)
- สื่อตัวอย่างข้อกำหนดความเป็นส่วนตัว (Terms of Service / Privacy Policy) ของแอปพลิเคชัน AI ที่นิยมในกลุ่มวัยรุ่น
- ใบงานวิเคราะห์ประเภทข้อมูล ""PII & AI Risk Mapping Worksheet""
- สไลด์นำเสนอความรู้เรื่องกรอบ PISA 2029 MAIL Literacy โดเมน Engage with AI และ Shape AI
- เครื่องมือประเมินและสะท้อนคิดออนไลน์ (เช่น Canva / Padlet / Kahoot)",https://docs.google.com/document/d/1myeTHGBq6Tmhbq7pxzmsFUZjsO743w1Vq_B92uqIwNE/edit?usp=sharing
5,เพียง 30 วินาที ก็ถูกขโมยเสียงได้ รู้ทันภัยใหม่จาก Voice Cloning,https://www.thaipbs.or.th/verify/article/content/2106,"กิจกรรม ""AI Voice Cloning & Audio Verification: รู้ทันเทคโนโลยีโคลนเสียง ปกป้องอัตลักษณ์ดิจิทัล"" (สำหรับนักเรียน ม.1-ม.3):
1. ขั้นนำ (Engage): ครูเปิดไฟล์เสียงจริงและไฟล์เสียงสังเคราะห์จาก AI Voice Cloning ที่เลียนเสียงบุคคลคุ้นเคย แล้วให้นักเรียนร่วมกันฟังและวิเคราะห์ว่า ""เสียงไหนคือเสียงจริง เสียงไหนคือ AI? และคิดว่า AI ใช้เวลาสกัดไฟล์เสียงกี่วินาทีเพื่อเลียนแบบเสียงเรา?""
2. ขั้นสำรวจและวิเคราะห์ (Explore & Analyze): นักเรียนแบ่งกลุ่มศึกษาบทความข่าว ""เพียง 30 วินาที ก็ถูกขโมยเสียงได้ รู้ทันภัยใหม่จาก Voice Cloning"" วิเคราะห์เทคโนโลยีคลื่นเสียงอัตโนมัติ (Audio Deepfake) ความเสี่ยงของการโพสต์คลิปเสียง/วิดีโอส่วนตัวบนโซเชียลมีเดีย และรูปแบบกลโกงมิจฉาชีพ (เช่น การปลอมเป็นญาติหลอกโอนเงิน/เรียกค่าไถ่)
3. ขั้นสร้างสรรค์และแก้ปัญหา (Create & Manage): นักเรียนร่วมกันออกแบบ ""โปรโตคอลความปลอดภัยประจำครอบครัว"" (Family Code Word Protocol) และแนวปฏิบัติการตรวจสอบยืนยันเสียงดิจิทัล (Audio Verification Checklist) เช่น การโทรกลับเบอร์ส่วนตัว การถามคำถามลับเฉพาะ และการชะลอการโอนเงิน
4. ขั้นสะท้อนคิด (Reflect): ร่วมกันสะท้อนคิดในมิติ PISA 2029 MAIL Literacy (Manage AI & Engage with AI) ถึงการใช้อัตลักษณ์เสียงอย่างมีความรับผิดชอบ การป้องกันรอยเท้าทางเสียง (Biometric Data Privacy) และการสร้างภูมิคุ้มกันทางเทคโนโลยี","- ประเมินสมรรถนะการวิเคราะห์สื่อสังเคราะห์เสียง (Audio Deepfake Literacy Assessment): ประเมินความถูกต้องในการแยกแยะข้อบกพร่องทางเทคนิคของ AI Voice Clone และการจำแนกเจตนาของมิจฉาชีพผ่านแบบบันทึกกิจกรรม
- ประเมินชิ้นงานการออกแบบโปรโตคอลความปลอดภัย (Family Audio Security Protocol Assessment): ประเมินคู่มือและโค้ดลับยืนยันตัวตนในครอบครัวด้วยแบบประเมินรูบริก (Rubric) ด้านการแก้ปัญหาทางเทคโนโลยีและการทำงานร่วมกัน
- แบบวัดทักษะการตัดสินใจในภาวะวิกฤตดิจิทัล (PISA 2029 MAIL Audio Verification Quiz): แบบทดสอบประเมินสถานการณ์จำลองเมื่อได้รับสายโทรศัพท์ปลอมเสียงจาก AI","- บทความข่าวจาก Thai PBS Verify เรื่อง ""เพียง 30 วินาที ก็ถูกขโมยเสียงได้ รู้ทันภัยใหม่จาก Voice Cloning"" (https://www.thaipbs.or.th/verify/article/content/2106)
- สื่อตัวอย่างไฟล์เสียงเปรียบเทียบ (Real Voice vs. AI Voice Clone Samples)
- ใบงานวิเคราะห์ภัยไซเบอร์ ""Audio Biometric Privacy & Verification Worksheet""
- สไลด์นำเสนอความรู้เรื่องกรอบ PISA 2029 MAIL Literacy โดเมน Manage AI และ Engage with AI
- แพลตฟอร์ม interactive (เช่น Canva / Padlet / Kahoot) สำหรับการสรุปและประเมินผล",https://docs.google.com/document/d/1glRzHCcv84ur6W-j9S62kIeb4_BiYhBr0_HodRgsaWA/edit?usp=sharing
6,เด็กไทยใช้ AI ช่วยทำการบ้าน ขาดการคิดวิเคราะห์ - ผลสำรวจเตือนภัยทักษะการเรียนรู้ถดถอย,https://news.ch7.com/detail/888022,"กิจกรรม ""AI Homework Helper vs. Critical Mind: ใช้ AI ช่วยเรียนอย่างมีจริยธรรม ไม่ทำลายทักษะการคิด"" (สำหรับนักเรียน ม.1-ม.3):
1. ขั้นนำ (Engage): ครูเปิดผลสำรวจ ""เด็กไทยกว่า 94% เคยใช้ AI ช่วยทำการบ้าน"" แล้วให้นักเรียนร่วมกันสะท้อนพฤติกรรมตนเองว่า ""การใช้ AI ช่วยทำการบ้าน คือ 'เครื่องมือช่วยเรียน' หรือ 'ทางลัดหลีกเลี่ยงการคิด'?""
2. ขั้นสำรวจและวิเคราะห์ (Explore & Analyze): นักเรียนแบ่งกลุ่มศึกษาบทความข่าวเรื่องผลกระทบของการใช้ AI ทำการบ้านต่อทักษะการคิดวิเคราะห์ (Metacognitive Laziness) ร่วมกันวิเคราะห์ 3 ประเด็น: (1) ความแตกต่างระหว่างการป้อนคำสั่งให้ AI คิดแทน 100% กับการใช้ AI เป็นโค้ชการเรียนรู้ (2) ข้อผิดพลาดของข้อมูลจาก AI (AI Hallucination) และ (3) ผลกระทบระยะยาวต่อสมรรถนะการแก้ปัญหา
3. ขั้นสร้างสรรค์และแก้ปัญหา (Create & Manage): นักเรียนทดลองออกแบบ ""คู่มือการใช้ AI ช่วยเรียนอย่างมีจริยธรรม"" (Ethical AI Homework Companion Guide) และฝึกทักษะการตรวจสอบความถูกต้องของคำตอบจาก AI ด้วยการค้นคว้าอ้างอิงจากแหล่งข้อมูลจริง (Fact-Checking Protocol)
4. ขั้นสะท้อนคิด (Reflect): ร่วมกันสะท้อนคิดในมิติ PISA 2029 MAIL Literacy (Manage AI & Create with AI) ถึงการรักษาอำนาจการตัดสินใจของมนุษย์ (Human Agency) และการสร้างวัฒนธรรมความซื่อสัตย์ทางวิชาการ (Academic Integrity)","- ประเมินสมรรถนะการวิเคราะห์ความน่าเชื่อถือของผลลัพธ์จาก AI (AI Output Verification Assessment): ประเมินความสามารถในการจับผิดข้อมูลบิดเบือนหรือข้อผิดพลาด (Hallucination) จากคำตอบของ AI ผ่านใบงาน Fact-Checking
- ประเมินชิ้นงานคู่มือการใช้งาน AI อย่างมีจริยธรรม (Ethical AI Usage Guide Assessment): ประเมินการจัดทำแนวทางการใช้ AI ช่วยเรียนด้วยแบบประเมินรูบริก (Rubric) ด้านความซื่อสัตย์ทางวิชาการและการคิดเชิงวิพากษ์
- แบบวัดทักษะการกำกับตนเองในการเรียนรู้ยุค AI (PISA 2029 MAIL Academic Integrity & Self-Regulation Quiz): แบบทดสอบประเมินสถานการณ์จำลองเมื่อต้องใช้เครื่องมือ Generative AI ในการทำรายงานและการบ้าน","- บทความข่าวจาก Ch7 News เรื่อง ""เด็กไทยใช้ AI ช่วยทำการบ้าน ขาดการคิดวิเคราะห์"" (https://news.ch7.com/detail/888022)
- ตัวอย่างเปรียบเทียบคำตอบการบ้านที่สร้างจาก AI vs. ผลงานการคิดวิเคราะห์ด้วยตนเองของนักเรียน
- ใบงานวิเคราะห์ข้อมูลและจับผิด AI ""AI Answer Verification & Fact-Checking Sheet""
- สไลด์นำเสนอความรู้เรื่องกรอบ PISA 2029 MAIL Literacy โดเมน Manage AI และ Create with AI
- แพลตฟอร์มสะท้อนคิดและประเมินผลออนไลน์ (เช่น Padlet / Google Forms / Kahoot)",https://docs.google.com/document/d/1RhNp1Jcf2UZCU3Jl45nphZfLUgHxIYwbDPaeSh2ku6o/edit?usp=sharing
7,แจ้ง ตร.ไซเบอร์เอาผิดกรณีเพื่อนนักเรียนใช้ AI ตัดต่อภาพอนาจารและเผยแพร่ลงโซเชียล,https://www.pptvhd36.com/news/%E0%B8%AA%E0%B8%B1%E0%B8%87%E0%B8%84%E0%B8%A1/250101,"กิจกรรม ""Non-Consensual AI Media & Digital Citizenship: ยุติการใช้ AI คุกคามและสร้างภูมิคุ้มกันไซเบอร์บูลลี่"" (สำหรับนักเรียน ม.1-ม.3):
1. ขั้นนำ (Engage): ครูนำเสนอข่าวการตัดต่อภาพตัดต่อด้วย AI (Non-Consensual Deepfake) ในกลุ่มนักเรียน แล้วชวนอภิปรายว่า ""การใช้ AI ดัดแปลงภาพคนอื่นโดยไม่ได้รับอนุญาตถือเป็นเรื่องตลกหรือเป็นอาชญากรรมทางไซเบอร์?""
2. ขั้นสำรวจและวิเคราะห์ (Explore & Analyze): นักเรียนแบ่งกลุ่มศึกษาบทความข่าวกรณีการใช้ AI ตัดต่อภาพอนาจารเพื่อนร่วมชั้น ร่วมกันวิเคราะห์ 3 ประเด็นหลัก: (1) การละเมิดสิทธิในรูปภาพและร่างกาย (Consent & Image Rights) (2) กฎหมายว่าด้วยการกระทำความผิดเกี่ยวกับคอมพิวเตอร์และอาชญากรรมไซเบอร์ และ (3) ผลกระทบทางจิตใจและสังคมต่อผู้ตกเป็นเหยื่อ
3. ขั้นสร้างสรรค์และแก้ปัญหา (Create & Manage): นักเรียนร่วมกันสร้าง ""ข้อตกลงร่วมการใช้สื่อ AI อย่างเคารพสิทธิ"" (School AI Ethical Agreement) และวางแนวทางการรับมือเมื่อตนเองหรือเพื่อนถูกคุกคามด้วยสื่อ AI (Report & Support Protocol) เช่น การแคปหน้าจอหลักฐาน การแจ้งครู/ผู้ปกครอง และการร้องเรียนศูนย์ต่อต้านอาชญากรรมออนไลน์
4. ขั้นสะท้อนคิด (Reflect): ร่วมกันสะท้อนคิดในมิติ PISA 2029 MAIL Literacy (Shape AI & Engage with AI) เกี่ยวกับการเป็นพลเมืองดิจิทัลที่มีความรับผิดชอบ (Responsible Digital Citizen) และการร่วมสร้างสังคมออนไลน์ที่ปลอดภัย","- ประเมินสมรรถนะการตระหนักรู้กฎหมายและสิทธิดิจิทัล (Digital Rights & AI Law Literacy Assessment): ประเมินความเข้าใจเรื่องสิทธิในภาพถ่าย ข้อกฎหมายไซเบอร์ และจริยธรรมการใช้งาน AI ผ่านการวิเคราะห์กรณีศึกษา
- ประเมินชิ้นงานข้อตกลงและแนวทางการรับมือภัยไซเบอร์ (Anti-Deepfake Harassment Protocol Assessment): ประเมินการออกแบบคู่มือ/ข้อตกลงการป้องกันการคุกคามทางไซเบอร์ด้วยแบบประเมินรูบริก (Rubric) ด้านจริยธรรมและการแก้ปัญหา
- แบบวัดทักษะการเป็นพลเมืองดิจิทัลและการตัดสินใจเชิงจริยธรรม (PISA 2029 MAIL Digital Citizenship Quiz): แบบทดสอบประเมินสถานการณ์จำลองเกี่ยวกับการรับมือและการหยุดส่งต่อสื่อ AI ที่ละเมิดสิทธิผู้อื่น","- บทความข่าวจาก PPTV HD36 เรื่อง ""แจ้ง ตร.ไซเบอร์เอาผิดเพื่อนนักเรียนใช้ AI ตัดต่อภาพอนาจาร"" (https://www.pptvhd36.com/news/สังคม/250101)
- ตัวอย่างสื่ออินโฟกราฟิกกฎหมาย พ.ร.บ.คอมพิวเตอร์ และการรับมือภัย Cyberbullying
- ใบงานวิเคราะห์กรณีศึกษา ""AI Image Generation & Consent Case Study""
- สไลด์นำเสนอความรู้เรื่องกรอบ PISA 2029 MAIL Literacy โดเมน Shape AI และ Engage with AI
- แพลตฟอร์มสะท้อนคิดและจัดทำข้อตกลงออนไลน์ (เช่น Padlet / Canva / Mentimeter)",https://docs.google.com/document/d/1ACR9BPCR9EzdttcWXMkdB1cSx9ze9qcp0yVonKyTFcs/edit?usp=sharing
8,ปรึกษาปัญหาใจกับ AI Chatbot อาจไม่ปลอดภัยอย่างที่คิด - รู้เท่าทันการพึ่งพาทางอารมณ์และสุขภาวะจิตดิจิทัล,https://www.thaipbs.or.th/now/content/3327,"กิจกรรม ""AI Companion & Digital Emotional Well-being: เมื่อ AI กลายเป็นเพื่อนคุย รู้เท่าทันการพึ่งพาทางอารมณ์อย่างปลอดภัย"" (สำหรับนักเรียน ม.1-ม.3):
1. ขั้นนำ (Engage): ครูเปิดประเด็น ""เมื่อเหงา ท้อแท้ หรือมีปัญหาใจ เคยลองระบายกับ AI Chatbot หรือไม่? และ AI ให้คำตอบที่เข้าใจเราจริงหรือแค่ประมวลผลตามอัลกอริทึม?""
2. ขั้นสำรวจและวิเคราะห์ (Explore & Analyze): นักเรียนแบ่งกลุ่มศึกษาบทความข่าว ""ปรึกษาปัญหาใจกับ AI Chatbot อาจไม่ปลอดภัยอย่างที่คิด"" ร่วมกันวิเคราะห์ 3 ประเด็น: (1) กลไกของ Generative AI Chatbot ในการเลียนแบบความรู้สึกและสร้างความผูกพันทางอารมณ์ (Parasocial Interaction) (2) ความเสี่ยงของการได้รับคำแนะนำที่ผิดพลาดทางสุขภาพจิต (Lack of Clinical Judgement) และ (3) ข้อจำกัดเรื่องการคุ้มครองข้อมูลความลับส่วนบุคคล (Privacy Risks)
3. ขั้นสร้างสรรค์และแก้ปัญหา (Create & Manage): นักเรียนทดลองออกแบบ ""คู่มือการใช้ AI Chatbot อย่างมีขอบเขตและปลอดภัย"" (Boundaries & Ethical Guidelines for AI Chatbots) พร้อมสร้างผังจำลองการขอความช่วยเหลือเมื่อเผชิญวิกฤตทางอารมณ์ (Human Connection & Mental Health Support Network)
4. ขั้นสะท้อนคิด (Reflect): ร่วมกันสะท้อนคิดในมิติ PISA 2029 MAIL Literacy (Manage AI & Engage with AI) ถึงการรักษาสมดุลระหว่างการใช้เทคโนโลยีกับการสร้างสัมพันธภาพที่แท้จริงในโลกจริง (Human-to-Human Connection)","- ประเมินสมรรถนะการตระหนักรู้ข้อจำกัดและขอบเขตของ AI Chatbot (AI Emotional Companion Boundaries Assessment): ประเมินความเข้าใจเรื่องข้อจำกัดด้านความรู้สึก การประมวลผลเชิงอัลกอริทึม และความเสี่ยงทางสุขภาพจิตผ่านแบบบันทึกกิจกรรม
- ประเมินชิ้นงานคู่มือการใช้งาน AI อย่างมีขอบเขต (Ethical AI Chatbot Guidelines Assessment): ประเมินการออกแบบคู่มือและผังเครือข่ายความช่วยเหลือด้วยแบบประเมินรูบริก (Rubric) ด้านสุขภาวะดิจิทัลและการแก้ปัญหา
- แบบวัดทักษะการตัดสินใจและการดูแลสุขภาวะจิตใจยุคดิจิทัล (PISA 2029 MAIL Emotional Well-being & AI Quiz): แบบทดสอบประเมินสถานการณ์จำลองเกี่ยวกับการรับมือเมื่อเผชิญสภาวะอารมณ์และการโต้ตอบกับ AI Chatbot","- บทความข่าวจาก Thai PBS NOW เรื่อง ""ปรึกษาปัญหาใจกับ AI Chatbot อาจไม่ปลอดภัยอย่างที่คิด"" (https://www.thaipbs.or.th/now/content/3327)
- ตัวอย่างบทสนทนาเปรียบเทียบระหว่าง AI Chatbot กับผู้เชี่ยวชาญด้านสุขภาพจิต/สายด่วนปรึกษาปัญหา
- ใบงานวิเคราะห์ความเสี่ยงและขอบเขต ""AI Chatbot Boundaries & Mental Health Worksheet""
- สไลด์นำเสนอความรู้เรื่องกรอบ PISA 2029 MAIL Literacy โดเมน Manage AI และ Engage with AI
- แพลตฟอร์มสะท้อนคิดและจัดทำชิ้นงานออนไลน์ (เช่น Padlet / Canva / Kahoot)",https://docs.google.com/document/d/11DVRXMFv1cspxtd1aDKnmGv0QQf0IxJyBEA1vs0UReQ/edit?usp=sharing
9,ส่องความเนียนระดับ Ultra Smooth ของมิจฉาชีพยุค AI หลอกอย่างไรให้เหยื่อหลงเชื่อโดยไม่รู้ตัว,https://www.thaipbs.or.th/verify/article/content/14657,"กิจกรรม ""Ultra Smooth AI Scams & Digital Financial Literacy: ส่องความเนียนสแกมเมอร์ยุค AI และการสร้างภูมิคุ้มกันทางการเงินดิจิทัล"" (สำหรับนักเรียน ม.1-ม.3):
1. ขั้นนำ (Engage): ครูเปิดตัวอย่างคลิปวิดีโอ/โฆษณาชวนลงทุนสแกมยุค AI ที่ใช้รูป เสียง และบทสนทนาเนียนระดับ ""Ultra Smooth"" แล้วให้นักเรียนร่วมกันตั้งข้อสังเกตว่า ""มิจฉาชีพยุคใหม่ใช้ AI ทำอย่างไรถึงหลอกคนให้เชื่อได้อย่างแนบเนียน?""
2. ขั้นสำรวจและวิเคราะห์ (Explore & Analyze): นักเรียนแบ่งกลุ่มศึกษาบทความข่าว ""ส่องความเนียนระดับ Ultra Smooth ของมิจฉาชีพยุค AI"" ร่วมกันวิเคราะห์ 3 เทคนิคกลโกง: (1) การใช้ Deepfake ปลอมตัวเป็นคนดัง/เจ้าหน้าที่ (2) การยิงโฆษณาลิงก์ปลอมและเว็บทิพย์ (Fake Websites & Phishing Links) และ (3) การใช้ AI บทสนทนาปั่นหัวเร่งรัดให้โอนเงิน (High-Pressure Tactics)
3. ขั้นสร้างสรรค์และแก้ปัญหา (Create & Manage): นักเรียนร่วมกันออกแบบ ""คู่มือสแกนภัยสแกมเมอร์ AI"" (AI Scam Detection & Fact-Checking Guide) และจำลองสถานการณ์การตรวจสอบลิงก์/บัญชีปลอม (Phishing Link Verification Protocol) ก่อนคลิกหรือโอนเงิน
4. ขั้นสะท้อนคิด (Reflect): ร่วมกันสะท้อนคิดในมิติ PISA 2029 MAIL Literacy (Manage AI & Engage with AI) ถึงการไม่ด่วนตัดสินใจเพียงเพราะเห็นภาพหรือเสียงสมจริง (Do Not Trust at First Sight) และการสร้างภูมิคุ้มกันความปลอดภัยทางการเงินดิจิทัล","- ประเมินสมรรถนะการตรวจสอบกลโกงสแกมเมอร์ AI (AI Scam Detection Assessment): ประเมินความสามารถในการสังเกตจุดผิดปกติของ Deepfake ภาพ/เสียง และการจำแนกเว็บปลอมPhishing ผ่านแบบบันทึกกิจกรรม
- ประเมินชิ้นงานคู่มือสแกนภัยสแกมเมอร์ AI (Phishing & Deepfake Prevention Protocol Assessment): ประเมินการออกแบบคู่มือตรวจสอบความปลอดภัยทางการเงินดิจิทัลด้วยแบบประเมินรูบริก (Rubric) ด้านการคิดเชิงวิพากษ์และการแก้ปัญหา
- แบบวัดทักษะการตัดสินใจในภาวะเสี่ยงภัยไซเบอร์ (PISA 2029 MAIL Digital Scam & Financial Security Quiz): แบบทดสอบประเมินสถานการณ์จำลองเมื่อพบโฆษณาชวนลงทุนหรือข้อความเร่งรัดโอนเงินจากมิจฉาชีพ AI","- บทความข่าวจาก Thai PBS Verify เรื่อง ""ส่องความเนียนระดับ Ultra Smooth ของมิจฉาชีพยุค AI หลอกอย่างไรให้เหยื่อหลงเชื่อโดยไม่รู้ตัว"" (https://www.thaipbs.or.th/verify/article/content/14657)
- ตัวอย่างเปรียบเทียบเว็บไซต์จริง vs. เว็บไซต์ปลอม Phishing Link ของมิจฉาชีพ
- ใบงานวิเคราะห์กลโกงและเช็กลิสต์ความปลอดภัย ""Ultra Smooth AI Scam Analysis Worksheet""
- สไลด์นำเสนอความรู้เรื่องกรอบ PISA 2029 MAIL Literacy โดเมน Manage AI และ Engage with AI
- แพลตฟอร์มสะท้อนคิดและจัดทำชิ้นงานออนไลน์ (เช่น Padlet / Canva / Kahoot)",https://docs.google.com/document/d/1PWUkdosef3J618WiYA7uzctasGwmW1S24n_0Rz-zfz0/edit?usp=sharing
10,"""AI"" เขย่าตลาดแรงงาน สภาพัฒน์ฯเตือนคนไทย 2.2 ล้านคน ""เสี่ยงตกงาน"" - รู้เท่าทันการปรับตัวและพัฒนาสมรรถนะยุค AI",https://www.thaipbs.or.th/news/content/506729,"กิจกรรม 'AI & Future Skills: ปรับตัวและเรียนรู้ร่วมกับ AI อย่างทรงพลัง' (สำหรับนักเรียน ม.1-ม.3):
1. ขั้นนำ (Engage): ครูเปิดประเด็นผลสำรวจสภาพัฒน์ฯ ""AI เสี่ยงเข้ามารองรับและแทนที่แรงงานไทย 2.2 ล้านคน"" แล้วให้นักเรียนร่วมกันอภิปรายว่า ""อาชีพใดบ้างที่ AI ทำแทนได้ และทักษะใดของมนุษย์ที่ AI ยังไม่สามารถแทนที่ได้?""
2. ขั้นสำรวจและวิเคราะห์ (Explore & Analyze): นักเรียนแบ่งกลุ่มศึกษาบทความข่าวการเข้าถึงเทคโนโลยี AI ในตลาดแรงงาน ร่วมกันวิเคราะห์ 3 ประเด็นหลัก: (1) ความแตกต่างระหว่างการใช้ AI ทำแทน 100% กับการใช้ AI เป็นผู้ช่วยเพิ่มประสิทธิภาพ (Human-AI Collaboration) (2) ทักษะเฉพาะของมนุษย์ที่ AI ไม่มี (เช่น ความเห็นอกเห็นใจ จริยธรรม การคิดเชิงวิพากษ์ และการแก้ปัญหาซับซ้อน) และ (3) แนวทางการพัฒนาตนเอง (Upskill & Reskill) ของเยาวชนเพื่อรับมือกับโลกอนาคต
3. ขั้นสร้างสรรค์และแก้ปัญหา (Create & Manage): นักเรียนทดลองสวมบทบาทเป็น ""ที่ปรึกษาการพัฒนาอาชีพยุค AI"" ออกแบบ 'ผังสมรรถนะมนุษย์ยุค AI' (Human Competency Map for AI Era) และจัดทำอินโฟกราฟิกแนะนำ 'ทักษะที่ต้อง Upskill เพื่อเรียนรู้ร่วมกับ AI อย่างเท่าทัน'
4. ขั้นสะท้อนคิด (Reflect): ร่วมกันอภิปรายสะท้อนคิดในมิติ PISA 2029 MAIL Literacy (Manage AI, Create with AI & Engage sequence with AI) ถึงการรักษาอำนาจการตัดสินใจของมนุษย์ (Human Agency) และการวางแผนการเรียนรู้ตลอดชีวิต (Lifelong Learning)","- ประเมินสมรรถนะการวิเคราะห์ผลกระทบของ AI ต่อสังคมและแรงงาน (AI Labor & Social Impact Assessment): ประเมินความเข้าใจเรื่องข้อจำกัดของ AI และทักษะเฉพาะของมนุษย์ผ่านแบบบันทึกกิจกรรมและการวิเคราะห์กรณีศึกษา
- ประเมินชิ้นงานการออกแบบผังสมรรถนะและการปรับตัว (Future Skill Mapping & Upskilling Plan Rubric): ประเมินการจัดทำแนวทางการ Upskill ตนเองและการใช้ AI เพิ่มประสิทธิภาพการเรียนรู้ด้วยแบบประเมินรูบริกด้านการคิดเชิงวิพากษ์และการปรับตัว
- แบบวัดทักษะการเป็นพลเมืองดิจิทัลและการวางแผนการเรียนรู้ยุค AI (PISA 2029 MAIL Future Skills Quiz): แบบทดสอบประเมินสถานการณ์จำลองเกี่ยวกับการตัดสินใจเลือกใช้เครื่องมือ AI ในการทำงานและการศึกษาอย่างรับผิดชอบ","- บทความข่าวจาก Thai PBS เรื่อง '""AI"" เขย่าตลาดแรงงาน สภาพัฒน์ฯเตือนคนไทย 2.2 ล้านคน ""เสี่ยงตกงาน""' (https://www.thaipbs.or.th/news/content/506729)
- ตัวอย่างกรณีศึกษาการประยุกต์ใช้ AI ในอาชีพต่างๆ (เช่น การใช้ AI ช่วยวิเคราะห์ข้อมูล งานออกแบบ งานเขียน)
- ใบงานวิเคราะห์ทักษะมนุษย์ vs AI ""Human-AI Competency Mapping Worksheet""
- สไลด์นำเสนอความรู้เรื่องกรอบ PISA 2029 MAIL Literacy โดเมน Manage AI, Create with AI และ Engage with AI
- แพลตฟอร์มสะท้อนคิดและจัดทำชิ้นงานออนไลน์ (เช่น Canva / Padlet / Kahoot)",https://docs.google.com/document/d/136XbVmTbBNhJW7hqcucGsUinfMDWgymRl4Ox5i14bT0/edit?usp=sharing